"","go_id","description","Annotated","Significant","Expected","pval","padj","fold_enrichment","term_coverage","full_go"
"1","GO:0010608","posttranscriptional regulation of gene expression",468,257,144.3,"5.1e-28",4.52139e-24,1.78101178101178,0.549145299145299,"GO:0010608 posttranscriptional regulation of gene expression"
"2","GO:0043603","cellular amide metabolic process",979,460,301.87,"5.8e-28",4.52139e-24,1.52383476330871,0.469867211440245,"GO:0043603 cellular amide metabolic process"
"3","GO:0009057","macromolecule catabolic process",1219,548,375.87,"2.6e-27",1.35122e-23,1.45795088727486,0.44954881050041,"GO:0009057 macromolecule catabolic process"
"4","GO:0006417","regulation of translation",349,203,107.61,"1.3e-26",4.98912e-23,1.88644178050367,0.581661891117478,"GO:0006417 regulation of translation"
"5","GO:0034248","regulation of cellular amide metabolic process",403,226,124.26,"2.0e-26",4.98912e-23,1.81876710123934,0.560794044665012,"GO:0034248 regulation of cellular amide metabolic process"
"6","GO:0000375","RNA splicing, via transesterification reactions",261,163,80.48,"2.7e-26",4.98912e-23,2.02534791252485,0.624521072796935,"GO:0000375 RNA splicing, via transesterification reactions"
"7","GO:0000377","RNA splicing, via transesterification reactions with bulged adenosine as nucleophile",261,163,80.48,"2.7e-26",4.98912e-23,2.02534791252485,0.624521072796935,"GO:0000377 RNA splicing, via transesterification reactions with bulged adenosine as nucleophile"
"8","GO:0000398","mRNA splicing, via spliceosome",261,163,80.48,"2.7e-26",4.98912e-23,2.02534791252485,0.624521072796935,"GO:0000398 mRNA splicing, via spliceosome"
"9","GO:0006464","cellular protein modification process",3033,1180,935.21,"3.2e-26",4.98912e-23,1.26174869815336,0.389053742169469,"GO:0006464 cellular protein modification process"
"10","GO:0036211","protein modification process",3033,1180,935.21,"3.2e-26",4.98912e-23,1.26174869815336,0.389053742169469,"GO:0036211 protein modification process"
"11","GO:0042273","ribosomal large subunit biogenesis",69,63,21.28,"6.8e-26",9.63807272727273e-23,2.96052631578947,0.91304347826087,"GO:0042273 ribosomal large subunit biogenesis"
"12","GO:0060255","regulation of macromolecule metabolic process",5120,1848,1578.72,"3.8e-23",4.93715e-20,1.17056856187291,0.3609375,"GO:0060255 regulation of macromolecule metabolic process"
"13","GO:0043632","modification-dependent macromolecule catabolic process",614,303,189.32,"1.2e-22",1.43916923076923e-19,1.6004648214663,0.493485342019544,"GO:0043632 modification-dependent macromolecule catabolic process"
"14","GO:0051171","regulation of nitrogen compound metabolic process",4632,1683,1428.25,"6.2e-22",6.90458571428571e-19,1.17836513215473,0.363341968911917,"GO:0051171 regulation of nitrogen compound metabolic process"
"15","GO:0010556","regulation of macromolecule biosynthetic process",3180,1204,980.53,"1.5e-21",1.5591e-18,1.22790735622571,0.378616352201258,"GO:0010556 regulation of macromolecule biosynthetic process"
"16","GO:0046907","intracellular transport",1376,582,424.28,"3.5e-21",3.41053125e-18,1.37173564627133,0.42296511627907,"GO:0046907 intracellular transport"
"17","GO:0010468","regulation of gene expression",3936,1451,1213.64,"4.5e-21",4.12702941176471e-18,1.19557694209156,0.36864837398374,"GO:0010468 regulation of gene expression"
"18","GO:0070647","protein modification by small protein conjugation or removal",767,357,236.5,"6.4e-21",5.54346666666667e-18,1.50951374207188,0.465449804432855,"GO:0070647 protein modification by small protein conjugation or removal"
"19","GO:0019941","modification-dependent protein catabolic process",604,294,186.24,"7.4e-21",5.76867e-18,1.57860824742268,0.486754966887417,"GO:0019941 modification-dependent protein catabolic process"
"20","GO:0080090","regulation of primary metabolic process",4790,1727,1476.96,"7.4e-21",5.76867e-18,1.16929368432456,0.360542797494781,"GO:0080090 regulation of primary metabolic process"
"21","GO:0009889","regulation of biosynthetic process",3400,1273,1048.37,"7.8e-21",5.79094285714286e-18,1.21426595572174,0.374411764705882,"GO:0009889 regulation of biosynthetic process"
"22","GO:2000112","regulation of cellular macromolecule biosynthetic process",3144,1187,969.43,"1.1e-20",7.7955e-18,1.2244308511187,0.377544529262087,"GO:2000112 regulation of cellular macromolecule biosynthetic process"
"23","GO:1903311","regulation of mRNA metabolic process",272,157,83.87,"2.2e-20",1.429175e-17,1.87194467628473,0.577205882352941,"GO:1903311 regulation of mRNA metabolic process"
"24","GO:0031323","regulation of cellular metabolic process",4971,1782,1532.78,"2.2e-20",1.429175e-17,1.16259345763906,0.35847917923959,"GO:0031323 regulation of cellular metabolic process"
"25","GO:0006511","ubiquitin-dependent protein catabolic process",593,287,182.85,"6.2e-20",3.866568e-17,1.56959256220946,0.48397976391231,"GO:0006511 ubiquitin-dependent protein catabolic process"
"26","GO:0051173","positive regulation of nitrogen compound metabolic process",2594,998,799.84,"6.8e-20",4.07764615384615e-17,1.24774954990998,0.38473400154202,"GO:0051173 positive regulation of nitrogen compound metabolic process"
"27","GO:0031326","regulation of cellular biosynthetic process",3330,1243,1026.78,"1.0e-19",5.77444444444444e-17,1.21058065018797,0.373273273273273,"GO:0031326 regulation of cellular biosynthetic process"
"28","GO:0019222","regulation of metabolic process",5543,1960,1709.15,"1.1e-19",6.12503571428571e-17,1.14676886171489,0.353599134042937,"GO:0019222 regulation of metabolic process"
"29","GO:0010604","positive regulation of macromolecule metabolic process",2944,1114,907.76,"1.3e-19",6.98906896551724e-17,1.2271966158456,0.378396739130435,"GO:0010604 positive regulation of macromolecule metabolic process"
"30","GO:0071705","nitrogen compound transport",1840,738,567.35,"1.6e-19",8.3152e-17,1.30078434828589,0.401086956521739,"GO:0071705 nitrogen compound transport"
"31","GO:0071826","ribonucleoprotein complex subunit organization",176,112,54.27,"2.1e-19",1.05616451612903e-16,2.06375529758614,0.636363636363636,"GO:0071826 ribonucleoprotein complex subunit organization"
"32","GO:0002181","cytoplasmic translation",90,69,27.75,"3.7e-19",1.802709375e-16,2.48648648648649,0.766666666666667,"GO:0002181 cytoplasmic translation"
"33","GO:0022618","ribonucleoprotein complex assembly",169,108,52.11,"5.9e-19",2.78748181818182e-16,2.07253886010363,0.63905325443787,"GO:0022618 ribonucleoprotein complex assembly"
"34","GO:0045935","positive regulation of nucleobase-containing compound metabolic process",1617,657,498.59,"7.5e-19",3.34092857142857e-16,1.31771595900439,0.406307977736549,"GO:0045935 positive regulation of nucleobase-containing compound metabolic process"
"35","GO:0031325","positive regulation of cellular metabolic process",2802,1062,863.98,"7.5e-19",3.34092857142857e-16,1.22919512025741,0.379014989293362,"GO:0031325 positive regulation of cellular metabolic process"
"36","GO:0051603","proteolysis involved in cellular protein catabolic process",707,327,218,"1.0e-18",4.33083333333333e-16,1.5,0.462517680339463,"GO:0051603 proteolysis involved in cellular protein catabolic process"
"37","GO:0071702","organic substance transport",2170,846,669.11,"2.0e-18",8.42756756756757e-16,1.26436609824991,0.389861751152074,"GO:0071702 organic substance transport"
"38","GO:0051254","positive regulation of RNA metabolic process",1453,597,448.02,"2.4e-18",9.84694736842105e-16,1.33252979777689,0.410874053682037,"GO:0051254 positive regulation of RNA metabolic process"
"39","GO:0044257","cellular protein catabolic process",760,345,234.34,"4.0e-18",1.59907692307692e-15,1.47221985149782,0.453947368421053,"GO:0044257 cellular protein catabolic process"
"40","GO:0006401","RNA catabolic process",251,143,77.39,"5.4e-18",2.104785e-15,1.84778395141491,0.569721115537849,"GO:0006401 RNA catabolic process"
"41","GO:0045184","establishment of protein localization",1578,639,486.57,"6.1e-18",2.31963658536585e-15,1.3132745545348,0.404942965779468,"GO:0045184 establishment of protein localization"
"42","GO:0033036","macromolecule localization",2727,1030,840.85,"1.1e-17",4.08335714285714e-15,1.22495094249866,0.377704437110378,"GO:0033036 macromolecule localization"
"43","GO:0010557","positive regulation of macromolecule biosynthetic process",1554,629,479.17,"1.3e-17",4.71355813953488e-15,1.3126865204416,0.404761904761905,"GO:0010557 positive regulation of macromolecule biosynthetic process"
"44","GO:0006403","RNA localization",157,100,48.41,"1.7e-17",6.02379545454545e-15,2.06568890725057,0.636942675159236,"GO:0006403 RNA localization"
"45","GO:0019219","regulation of nucleobase-containing compound metabolic process",3215,1191,991.32,"1.8e-17",6.2364e-15,1.20142839849897,0.37045101088647,"GO:0019219 regulation of nucleobase-containing compound metabolic process"
"46","GO:0042274","ribosomal small subunit biogenesis",70,56,21.58,"2.5e-17",8.47336956521739e-15,2.5949953660797,0.8,"GO:0042274 ribosomal small subunit biogenesis"
"47","GO:0009893","positive regulation of metabolic process",3219,1191,992.56,"2.8e-17",9.28825531914894e-15,1.19992746030467,0.369990680335508,"GO:0009893 positive regulation of metabolic process"
"48","GO:0031328","positive regulation of cellular biosynthetic process",1649,660,508.46,"3.6e-17",1.169325e-14,1.29803721040003,0.400242571255306,"GO:0031328 positive regulation of cellular biosynthetic process"
"49","GO:0009891","positive regulation of biosynthetic process",1688,673,520.48,"4.6e-17",1.46364489795918e-14,1.29303719643406,0.398696682464455,"GO:0009891 positive regulation of biosynthetic process"
"50","GO:0051252","regulation of RNA metabolic process",2972,1106,916.4,"8.8e-17",2.744016e-14,1.20689655172414,0.3721399730821,"GO:0051252 regulation of RNA metabolic process"
"51","GO:0015031","protein transport",1458,591,449.56,"1.1e-16",3.36276470588235e-14,1.31461873832191,0.405349794238683,"GO:0015031 protein transport"
"52","GO:0032268","regulation of cellular protein metabolic process",2081,805,641.66,"1.7e-16",5.09705769230769e-14,1.25455848891937,0.386833253243633,"GO:0032268 regulation of cellular protein metabolic process"
"53","GO:0006886","intracellular protein transport",803,355,247.6,"1.9e-16",5.48572222222222e-14,1.43376413570275,0.442092154420922,"GO:0006886 intracellular protein transport"
"54","GO:0030163","protein catabolic process",901,391,277.82,"1.9e-16",5.48572222222222e-14,1.40738607731625,0.433962264150943,"GO:0030163 protein catabolic process"
"55","GO:0006402","mRNA catabolic process",215,124,66.29,"2.4e-16",6.80334545454546e-14,1.87056871322975,0.576744186046512,"GO:0006402 mRNA catabolic process"
"56","GO:0032446","protein modification by small protein conjugation",656,296,202.27,"2.9e-15",8.07391071428571e-13,1.46339051762496,0.451219512195122,"GO:0032446 protein modification by small protein conjugation"
"57","GO:0030490","maturation of SSU-rRNA",48,41,14.8,"6.1e-15",1.66851052631579e-12,2.77027027027027,0.854166666666667,"GO:0030490 maturation of SSU-rRNA"
"58","GO:0043161","proteasome-mediated ubiquitin-dependent protein catabolic process",406,199,125.19,"7.2e-15",1.93543448275862e-12,1.58958383257449,0.490147783251232,"GO:0043161 proteasome-mediated ubiquitin-dependent protein catabolic process"
"59","GO:0051246","regulation of protein metabolic process",2232,846,688.22,"8.8e-15",2.32543728813559e-12,1.22925808607713,0.379032258064516,"GO:0051246 regulation of protein metabolic process"
"60","GO:0050657","nucleic acid transport",131,83,40.39,"1.4e-14",3.57826229508197e-12,2.05496410002476,0.633587786259542,"GO:0050657 nucleic acid transport"
"61","GO:0050658","RNA transport",131,83,40.39,"1.4e-14",3.57826229508197e-12,2.05496410002476,0.633587786259542,"GO:0050658 RNA transport"
"62","GO:0033365","protein localization to organelle",851,365,262.4,"1.6e-14",4.02348387096774e-12,1.39100609756098,0.428907168037603,"GO:0033365 protein localization to organelle"
"63","GO:0051236","establishment of RNA localization",134,84,41.32,"2.4e-14",5.93942857142857e-12,2.03291384317522,0.626865671641791,"GO:0051236 establishment of RNA localization"
"64","GO:0016567","protein ubiquitination",609,275,187.78,"2.6e-14",6.33384375e-12,1.46447971029929,0.451559934318555,"GO:0016567 protein ubiquitination"
"65","GO:0017148","negative regulation of translation",155,93,47.79,"4.9e-14",1.17532153846154e-11,1.94601381042059,0.6,"GO:0017148 negative regulation of translation"
"66","GO:0051028","mRNA transport",106,70,32.68,"7.9e-14",1.86619545454545e-11,2.14198286413709,0.660377358490566,"GO:0051028 mRNA transport"
"67","GO:0034976","response to endoplasmic reticulum stress",242,130,74.62,"8.2e-14",1.90815223880597e-11,1.74216027874564,0.537190082644628,"GO:0034976 response to endoplasmic reticulum stress"
"68","GO:0070727","cellular macromolecule localization",1690,656,521.1,"9.0e-14",2.06351470588235e-11,1.25887545576665,0.388165680473373,"GO:0070727 cellular macromolecule localization"
"69","GO:0000470","maturation of LSU-rRNA",29,28,8.94,"9.5e-14",2.14658695652174e-11,3.13199105145414,0.96551724137931,"GO:0000470 maturation of LSU-rRNA"
"70","GO:1901362","organic cyclic compound biosynthetic process",3292,1189,1015.07,"1.6e-13",3.56365714285714e-11,1.17134778882245,0.361178614823815,"GO:1901362 organic cyclic compound biosynthetic process"
"71","GO:0010498","proteasomal protein catabolic process",487,226,150.16,"1.9e-13",4.17223943661972e-11,1.50506126798082,0.464065708418891,"GO:0010498 proteasomal protein catabolic process"
"72","GO:0051641","cellular localization",2669,983,822.97,"2.1e-13",4.547375e-11,1.19445423283959,0.368302735106782,"GO:0051641 cellular localization"
"73","GO:0008104","protein localization",2371,882,731.08,"4.0e-13",8.54301369863014e-11,1.20643431635389,0.371994938844369,"GO:0008104 protein localization"
"74","GO:0006913","nucleocytoplasmic transport",301,152,92.81,"5.7e-13",1.184916e-10,1.63775455231117,0.504983388704319,"GO:0006913 nucleocytoplasmic transport"
"75","GO:0051169","nuclear transport",301,152,92.81,"5.7e-13",1.184916e-10,1.63775455231117,0.504983388704319,"GO:0051169 nuclear transport"
"76","GO:0034613","cellular protein localization",1678,647,517.4,"6.3e-13",1.29241184210526e-10,1.25048318515655,0.385578069129917,"GO:0034613 cellular protein localization"
"77","GO:0034249","negative regulation of cellular amide metabolic process",176,100,54.27,"6.7e-13",1.35661948051948e-10,1.84263865855906,0.568181818181818,"GO:0034249 negative regulation of cellular amide metabolic process"
"78","GO:0015931","nucleobase-containing compound transport",174,99,53.65,"7.8e-13",1.5591e-10,1.8452935694315,0.568965517241379,"GO:0015931 nucleobase-containing compound transport"
"79","GO:0034654","nucleobase-containing compound biosynthetic process",3116,1126,960.8,"8.2e-13",1.61830632911392e-10,1.17194004995837,0.361360718870347,"GO:0034654 nucleobase-containing compound biosynthetic process"
"80","GO:0018130","heterocycle biosynthetic process",3181,1147,980.84,"9.0e-13",1.7539875e-10,1.16940581542351,0.360578434454574,"GO:0018130 heterocycle biosynthetic process"
"81","GO:0019438","aromatic compound biosynthetic process",3185,1148,982.07,"9.9e-13",1.90556666666667e-10,1.16895944280958,0.36043956043956,"GO:0019438 aromatic compound biosynthetic process"
"82","GO:0051649","establishment of localization in cell",1935,732,596.64,"1.5e-12",2.85201219512195e-10,1.22687047465809,0.378294573643411,"GO:0051649 establishment of localization in cell"
"83","GO:1902680","positive regulation of RNA biosynthetic process",1333,526,411.02,"1.7e-12",3.1182e-10,1.27974307819571,0.394598649662416,"GO:1902680 positive regulation of RNA biosynthetic process"
"84","GO:0031123","RNA 3'-end processing",102,66,31.45,"1.7e-12",3.1182e-10,2.09856915739269,0.647058823529412,"GO:0031123 RNA 3'-end processing"
"85","GO:0048522","positive regulation of cellular process",4947,1714,1525.37,"1.7e-12",3.1182e-10,1.12366180008785,0.346472609662422,"GO:0048522 positive regulation of cellular process"
"86","GO:0045893","positive regulation of transcription, DNA-templated",1331,525,410.41,"1.9e-12",3.40493103448276e-10,1.27920859628177,0.394440270473328,"GO:0045893 positive regulation of transcription, DNA-templated"
"87","GO:1903508","positive regulation of nucleic acid-templated transcription",1331,525,410.41,"1.9e-12",3.40493103448276e-10,1.27920859628177,0.394440270473328,"GO:1903508 positive regulation of nucleic acid-templated transcription"
"88","GO:0051168","nuclear export",140,83,43.17,"2.8e-12",4.96077272727273e-10,1.92263145703035,0.592857142857143,"GO:0051168 nuclear export"
"89","GO:0050684","regulation of mRNA processing",136,81,41.93,"3.6e-12",6.30647191011236e-10,1.93179108037205,0.595588235294118,"GO:0050684 regulation of mRNA processing"
"90","GO:0006413","translational initiation",99,64,30.53,"3.9e-12",6.7561e-10,2.09629872256797,0.646464646464647,"GO:0006413 translational initiation"
"91","GO:0010629","negative regulation of gene expression",886,367,273.19,"4.4e-12",7.53850549450549e-10,1.3433873860683,0.414221218961625,"GO:0010629 negative regulation of gene expression"
"92","GO:0032774","RNA biosynthetic process",2809,1019,866.14,"5.5e-12",9.22048387096774e-10,1.17648417115016,0.362762548949804,"GO:0032774 RNA biosynthetic process"
"93","GO:0042255","ribosome assembly",59,44,18.19,"5.5e-12",9.22048387096774e-10,2.41891148982958,0.745762711864407,"GO:0042255 ribosome assembly"
"94","GO:1903312","negative regulation of mRNA metabolic process",89,59,27.44,"5.6e-12",9.28825531914894e-10,2.15014577259475,0.662921348314607,"GO:1903312 negative regulation of mRNA metabolic process"
"95","GO:0097659","nucleic acid-templated transcription",2800,1015,863.36,"7.5e-12",1.23086842105263e-09,1.17563936249073,0.3625,"GO:0097659 nucleic acid-templated transcription"
"96","GO:0044085","cellular component biogenesis",2742,995,845.48,"9.9e-12",1.607821875e-09,1.17684628849884,0.362873814733771,"GO:0044085 cellular component biogenesis"
"97","GO:0006399","tRNA metabolic process",168,94,51.8,"1.1e-11",1.76805154639175e-09,1.81467181467181,0.55952380952381,"GO:0006399 tRNA metabolic process"
"98","GO:0006351","transcription, DNA-templated",2796,1012,862.13,"1.3e-11",2.02683e-09,1.17383689234802,0.361945636623748,"GO:0006351 transcription, DNA-templated"
"99","GO:0048518","positive regulation of biological process",5363,1838,1653.65,"1.3e-11",2.02683e-09,1.11148066398573,0.342718627633787,"GO:0048518 positive regulation of biological process"
"100","GO:0072594","establishment of protein localization to organelle",393,184,121.18,"1.3e-11",2.02683e-09,1.51840237662981,0.468193384223919,"GO:0072594 establishment of protein localization to organelle"
"101","GO:0071166","ribonucleoprotein complex localization",68,48,20.97,"1.7e-11",2.62422772277228e-09,2.28898426323319,0.705882352941177,"GO:0071166 ribonucleoprotein complex localization"
"102","GO:0033554","cellular response to stress",1714,650,528.5,"2.1e-11",3.20991176470588e-09,1.22989593188269,0.379229871645274,"GO:0033554 cellular response to stress"
"103","GO:0043487","regulation of RNA stability",156,88,48.1,"2.7e-11",4.08696116504854e-09,1.82952182952183,0.564102564102564,"GO:0043487 regulation of RNA stability"
"104","GO:0043484","regulation of RNA splicing",145,83,44.71,"3.5e-11",5.24697115384615e-09,1.85640796242451,0.572413793103448,"GO:0043484 regulation of RNA splicing"
"105","GO:0071426","ribonucleoprotein complex export from nucleus",67,47,20.66,"3.9e-11",5.79094285714286e-09,2.27492739593417,0.701492537313433,"GO:0071426 ribonucleoprotein complex export from nucleus"
"106","GO:0044248","cellular catabolic process",1880,701,579.69,"1.2e-10",1.74852336448598e-08,1.20926702202902,0.372872340425532,"GO:0044248 cellular catabolic process"
"107","GO:0008219","cell death",1928,717,594.49,"1.2e-10",1.74852336448598e-08,1.20607579606049,0.371887966804979,"GO:0008219 cell death"
"108","GO:0000956","nuclear-transcribed mRNA catabolic process",105,64,32.38,"1.6e-10",2.30977777777778e-08,1.97652872143298,0.60952380952381,"GO:0000956 nuclear-transcribed mRNA catabolic process"
"109","GO:0010605","negative regulation of macromolecule metabolic process",2398,872,739.41,"1.8e-10",2.57466055045872e-08,1.17931864594744,0.363636363636364,"GO:0010605 negative regulation of macromolecule metabolic process"
"110","GO:0048519","negative regulation of biological process",4731,1626,1458.77,"2.1e-10",2.97646363636364e-08,1.11463767420498,0.343690551680406,"GO:0048519 negative regulation of biological process"
"111","GO:0000462","maturation of SSU-rRNA from tricistronic rRNA transcript (SSU-rRNA, 5.8S rRNA, LSU-rRNA)",35,29,10.79,"2.8e-10",3.93286486486486e-08,2.68767377201112,0.828571428571429,"GO:0000462 maturation of SSU-rRNA from tricistronic rRNA transcript (SSU-rRNA, 5.8S rRNA, LSU-rRNA)"
"112","GO:1903313","positive regulation of mRNA metabolic process",115,68,35.46,"3.0e-10",4.13920353982301e-08,1.91765369430344,0.591304347826087,"GO:1903313 positive regulation of mRNA metabolic process"
"113","GO:0034655","nucleobase-containing compound catabolic process",355,165,109.46,"3.0e-10",4.13920353982301e-08,1.50739996345697,0.464788732394366,"GO:0034655 nucleobase-containing compound catabolic process"
"114","GO:0061013","regulation of mRNA catabolic process",152,84,46.87,"3.1e-10",4.23965789473684e-08,1.79219116705782,0.552631578947368,"GO:0061013 regulation of mRNA catabolic process"
"115","GO:0071840","cellular component organization or biogenesis",5540,1880,1708.22,"3.4e-10",4.60951304347826e-08,1.10056081769327,0.339350180505415,"GO:0071840 cellular component organization or biogenesis"
"116","GO:0006508","proteolysis",1404,537,432.91,"3.5e-10",4.70418103448276e-08,1.24044258621884,0.382478632478632,"GO:0006508 proteolysis"
"117","GO:0050789","regulation of biological process",9165,3001,2825.97,"4.4e-10",5.86328205128205e-08,1.06193625551581,0.327441352973268,"GO:0050789 regulation of biological process"
"118","GO:0006405","RNA export from nucleus",66,45,20.35,"4.5e-10",5.94572033898305e-08,2.21130221130221,0.681818181818182,"GO:0006405 RNA export from nucleus"
"119","GO:0043488","regulation of mRNA stability",144,80,44.4,"5.8e-10",7.59897478991596e-08,1.8018018018018,0.555555555555556,"GO:0043488 regulation of mRNA stability"
"120","GO:0050794","regulation of cellular process",8749,2872,2697.7,"7.0e-10",9.09475e-08,1.06461059420988,0.328266087552863,"GO:0050794 regulation of cellular process"
"121","GO:0006457","protein folding",152,83,46.87,"8.7e-10",1.12100578512397e-07,1.77085555792618,0.546052631578947,"GO:0006457 protein folding"
"122","GO:2001141","regulation of RNA biosynthetic process",2708,968,834.99,"9.9e-10",1.25733870967742e-07,1.15929532090205,0.357459379615953,"GO:2001141 regulation of RNA biosynthetic process"
"123","GO:0051172","negative regulation of nitrogen compound metabolic process",2038,747,628.4,"1.0e-09",1.25733870967742e-07,1.18873329089752,0.366535819430815,"GO:0051172 negative regulation of nitrogen compound metabolic process"
"124","GO:0034250","positive regulation of cellular amide metabolic process",150,82,46.25,"1.0e-09",1.25733870967742e-07,1.77297297297297,0.546666666666667,"GO:0034250 positive regulation of cellular amide metabolic process"
"125","GO:1903506","regulation of nucleic acid-templated transcription",2704,966,833.76,"1.2e-09",1.496736e-07,1.15860679332182,0.357248520710059,"GO:1903506 regulation of nucleic acid-templated transcription"
"126","GO:0035966","response to topologically incorrect protein",134,75,41.32,"1.3e-09",1.60859523809524e-07,1.81510164569216,0.559701492537313,"GO:0035966 response to topologically incorrect protein"
"127","GO:0018193","peptidyl-amino acid modification",1085,424,334.55,"1.4e-09",1.71869291338583e-07,1.26737408459124,0.390783410138249,"GO:0018193 peptidyl-amino acid modification"
"128","GO:0065007","biological regulation",9626,3135,2968.11,"1.6e-09",1.948875e-07,1.05622770045585,0.325680448784542,"GO:0065007 biological regulation"
"129","GO:0009892","negative regulation of metabolic process",2596,929,800.46,"1.9e-09",2.27868461538462e-07,1.16058266496764,0.357858243451464,"GO:0009892 negative regulation of metabolic process"
"130","GO:0006355","regulation of transcription, DNA-templated",2700,963,832.53,"1.9e-09",2.27868461538462e-07,1.15671507333069,0.356666666666667,"GO:0006355 regulation of transcription, DNA-templated"
"131","GO:0006888","endoplasmic reticulum to Golgi vesicle-mediated transport",112,65,34.53,"2.1e-09",2.49932061068702e-07,1.88242108311613,0.580357142857143,"GO:0006888 endoplasmic reticulum to Golgi vesicle-mediated transport"
"132","GO:0009451","RNA modification",138,76,42.55,"2.6e-09",3.07095454545455e-07,1.786133960047,0.550724637681159,"GO:0009451 RNA modification"
"133","GO:0000460","maturation of 5.8S rRNA",35,28,10.79,"2.7e-09",3.14147014925373e-07,2.5949953660797,0.8,"GO:0000460 maturation of 5.8S rRNA"
"134","GO:0045727","positive regulation of translation",124,70,38.23,"2.7e-09",3.14147014925373e-07,1.83102275699712,0.564516129032258,"GO:0045727 positive regulation of translation"
"135","GO:0006915","apoptotic process",1707,633,526.34,"3.1e-09",3.58015555555556e-07,1.2026446783448,0.370826010544815,"GO:0006915 apoptotic process"
"136","GO:0044270","cellular nitrogen compound catabolic process",378,170,116.55,"3.5e-09",4.01238970588235e-07,1.45860145860146,0.44973544973545,"GO:0044270 cellular nitrogen compound catabolic process"
"137","GO:0048523","negative regulation of cellular process",4336,1488,1336.98,"3.6e-09",4.09690510948905e-07,1.11295606516178,0.343173431734317,"GO:0048523 negative regulation of cellular process"
"138","GO:0010628","positive regulation of gene expression",1040,406,320.68,"3.7e-09",4.18019565217391e-07,1.26605962330049,0.390384615384615,"GO:0010628 positive regulation of gene expression"
"139","GO:0000027","ribosomal large subunit assembly",25,22,7.71,"4.5e-09",5.04744604316547e-07,2.85343709468223,0.88,"GO:0000027 ribosomal large subunit assembly"
"140","GO:0010033","response to organic substance",2458,880,757.91,"5.3e-09",5.90230714285714e-07,1.16108772809436,0.358014646053702,"GO:0010033 response to organic substance"
"141","GO:0012501","programmed cell death",1759,648,542.38,"6.6e-09",7.29791489361702e-07,1.19473431911206,0.368391131324616,"GO:0012501 programmed cell death"
"142","GO:0031324","negative regulation of cellular metabolic process",2181,788,672.5,"6.7e-09",7.35631690140845e-07,1.17174721189591,0.361302154974782,"GO:0031324 negative regulation of cellular metabolic process"
"143","GO:0046700","heterocycle catabolic process",379,169,116.86,"8.4e-09",9.15834965034965e-07,1.4461749101489,0.445910290237467,"GO:0046700 heterocycle catabolic process"
"144","GO:0048024","regulation of mRNA splicing, via spliceosome",99,58,30.53,"9.6e-09",1.0394e-06,1.89977071732722,0.585858585858586,"GO:0048024 regulation of mRNA splicing, via spliceosome"
"145","GO:0031329","regulation of cellular catabolic process",720,292,222.01,"9.8e-09",1.05373655172414e-06,1.31525606954642,0.405555555555556,"GO:0031329 regulation of cellular catabolic process"
"146","GO:0016570","histone modification",432,188,133.2,"1.2e-08",1.28145205479452e-06,1.41141141141141,0.435185185185185,"GO:0016570 histone modification"
"147","GO:0010941","regulation of cell death",1548,575,477.32,"1.4e-08",1.48485714285714e-06,1.20464258778178,0.371447028423773,"GO:0010941 regulation of cell death"
"148","GO:0050686","negative regulation of mRNA processing",31,25,9.56,"1.5e-08",1.58016891891892e-06,2.61506276150628,0.806451612903226,"GO:0050686 negative regulation of mRNA processing"
"149","GO:1901575","organic substance catabolic process",1780,651,548.85,"2.3e-08",2.4066644295302e-06,1.1861164252528,0.365730337078652,"GO:1901575 organic substance catabolic process"
"150","GO:0070646","protein modification by small protein removal",127,69,39.16,"2.9e-08",3.01426e-06,1.76200204290092,0.543307086614173,"GO:0070646 protein modification by small protein removal"
"151","GO:0006986","response to unfolded protein",113,63,34.84,"3.2e-08",3.30405298013245e-06,1.80826636050517,0.557522123893805,"GO:0006986 response to unfolded protein"
"152","GO:0045944","positive regulation of transcription by RNA polymerase II",1063,408,327.77,"3.5e-08",3.59003289473684e-06,1.24477529975288,0.38381937911571,"GO:0045944 positive regulation of transcription by RNA polymerase II"
"153","GO:0051248","negative regulation of protein metabolic process",922,359,284.29,"4.3e-08",4.38178431372549e-06,1.2627950332407,0.389370932754881,"GO:0051248 negative regulation of protein metabolic process"
"154","GO:0032270","positive regulation of cellular protein metabolic process",1240,467,382.35,"5.5e-08",5.56821428571429e-06,1.22139401072316,0.376612903225806,"GO:0032270 positive regulation of cellular protein metabolic process"
"155","GO:0035967","cellular response to topologically incorrect protein",105,59,32.38,"5.9e-08",5.93463870967742e-06,1.82211241507103,0.561904761904762,"GO:0035967 cellular response to topologically incorrect protein"
"156","GO:0030433","ubiquitin-dependent ERAD pathway",80,48,24.67,"6.3e-08",6.29636538461538e-06,1.94568301580867,0.6,"GO:0030433 ubiquitin-dependent ERAD pathway"
"157","GO:0006406","mRNA export from nucleus",50,34,15.42,"6.8e-08",6.71005063291139e-06,2.20492866407263,0.68,"GO:0006406 mRNA export from nucleus"
"158","GO:0071427","mRNA-containing ribonucleoprotein complex export from nucleus",50,34,15.42,"6.8e-08",6.71005063291139e-06,2.20492866407263,0.68,"GO:0071427 mRNA-containing ribonucleoprotein complex export from nucleus"
"159","GO:0090501","RNA phosphodiester bond hydrolysis",67,42,20.66,"7.2e-08",7.06007547169811e-06,2.03291384317522,0.626865671641791,"GO:0090501 RNA phosphodiester bond hydrolysis"
"160","GO:0042981","regulation of apoptotic process",1358,506,418.73,"7.4e-08",7.2108375e-06,1.20841592434266,0.37260677466863,"GO:0042981 regulation of apoptotic process"
"161","GO:0000469","cleavage involved in rRNA processing",27,22,8.33,"7.9e-08",7.65024223602484e-06,2.64105642256903,0.814814814814815,"GO:0000469 cleavage involved in rRNA processing"
"162","GO:0043543","protein acylation",230,109,70.92,"8.8e-08",8.46918518518518e-06,1.53694303440496,0.473913043478261,"GO:0043543 protein acylation"
"163","GO:0032269","negative regulation of cellular protein metabolic process",861,336,265.48,"9.2e-08",8.7998282208589e-06,1.26563206267892,0.390243902439024,"GO:0032269 negative regulation of cellular protein metabolic process"
"164","GO:0006354","DNA-templated transcription, elongation",83,49,25.59,"9.5e-08",9.03137195121951e-06,1.91481047284095,0.590361445783133,"GO:0006354 DNA-templated transcription, elongation"
"165","GO:0051234","establishment of localization",3950,1350,1217.96,"9.6e-08",9.07112727272727e-06,1.10841078524746,0.341772151898734,"GO:0051234 establishment of localization"
"166","GO:0031124","mRNA 3'-end processing",61,39,18.81,"9.7e-08",9.11040361445783e-06,2.07336523125997,0.639344262295082,"GO:0031124 mRNA 3'-end processing"
"167","GO:1901565","organonitrogen compound catabolic process",1145,433,353.05,"1.0e-07",9.33592814371257e-06,1.22645517632063,0.378165938864629,"GO:1901565 organonitrogen compound catabolic process"
"168","GO:0050779","RNA destabilization",81,48,24.98,"1.1e-07",1.01479881656805e-05,1.92153722978383,0.592592592592593,"GO:0050779 RNA destabilization"
"169","GO:0061014","positive regulation of mRNA catabolic process",81,48,24.98,"1.1e-07",1.01479881656805e-05,1.92153722978383,0.592592592592593,"GO:0061014 positive regulation of mRNA catabolic process"
"170","GO:0017038","protein import",213,102,65.68,"1.2e-07",1.08774418604651e-05,1.55298416565164,0.47887323943662,"GO:0017038 protein import"
"171","GO:0060548","negative regulation of cell death",985,378,303.72,"1.2e-07",1.08774418604651e-05,1.24456736467799,0.383756345177665,"GO:0060548 negative regulation of cell death"
"172","GO:0071310","cellular response to organic substance",1976,710,609.29,"1.2e-07",1.08774418604651e-05,1.16529074824796,0.359311740890688,"GO:0071310 cellular response to organic substance"
"173","GO:0031047","gene silencing by RNA",102,57,31.45,"1.3e-07",1.16484482758621e-05,1.81240063593005,0.558823529411765,"GO:0031047 gene silencing by RNA"
"174","GO:0048193","Golgi vesicle transport",268,123,82.64,"1.3e-07",1.16484482758621e-05,1.48838334946757,0.458955223880597,"GO:0048193 Golgi vesicle transport"
"175","GO:0006414","translational elongation",51,34,15.73,"1.4e-07",1.24019318181818e-05,2.16147488874762,0.666666666666667,"GO:0006414 translational elongation"
"176","GO:0032784","regulation of DNA-templated transcription, elongation",51,34,15.73,"1.4e-07",1.24019318181818e-05,2.16147488874762,0.666666666666667,"GO:0032784 regulation of DNA-templated transcription, elongation"
"177","GO:0009056","catabolic process",2146,765,661.7,"1.6e-07",1.40143820224719e-05,1.15611304216412,0.356477166821994,"GO:0009056 catabolic process"
"178","GO:0043631","RNA polyadenylation",47,32,14.49,"1.6e-07",1.40143820224719e-05,2.20841959972395,0.680851063829787,"GO:0043631 RNA polyadenylation"
"179","GO:0032527","protein exit from endoplasmic reticulum",41,29,12.64,"1.7e-07",1.46434806629834e-05,2.29430379746835,0.707317073170732,"GO:0032527 protein exit from endoplasmic reticulum"
"180","GO:0016032","viral process",301,135,92.81,"1.7e-07",1.46434806629834e-05,1.45458463527637,0.448504983388704,"GO:0016032 viral process"
"181","GO:0019439","aromatic compound catabolic process",393,169,121.18,"1.7e-07",1.46434806629834e-05,1.39461957418716,0.430025445292621,"GO:0019439 aromatic compound catabolic process"
"182","GO:0043067","regulation of programmed cell death",1390,514,428.6,"1.8e-07",1.54196703296703e-05,1.19925338310779,0.369784172661871,"GO:0043067 regulation of programmed cell death"
"183","GO:0051247","positive regulation of protein metabolic process",1315,488,405.47,"2.3e-07",1.95952459016393e-05,1.20354156904333,0.371102661596958,"GO:0051247 positive regulation of protein metabolic process"
"184","GO:0000463","maturation of LSU-rRNA from tricistronic rRNA transcript (SSU-rRNA, 5.8S rRNA, LSU-rRNA)",16,15,4.93,"2.4e-07",2.02261621621622e-05,3.04259634888438,0.9375,"GO:0000463 maturation of LSU-rRNA from tricistronic rRNA transcript (SSU-rRNA, 5.8S rRNA, LSU-rRNA)"
"185","GO:0061157","mRNA destabilization",78,46,24.05,"2.4e-07",2.02261621621622e-05,1.91268191268191,0.58974358974359,"GO:0061157 mRNA destabilization"
"186","GO:0010558","negative regulation of macromolecule biosynthetic process",1310,486,403.93,"2.5e-07",2.09556451612903e-05,1.20317876859852,0.370992366412214,"GO:0010558 negative regulation of macromolecule biosynthetic process"
"187","GO:0033119","negative regulation of RNA splicing",28,22,8.63,"2.6e-07",2.16773262032086e-05,2.54924681344148,0.785714285714286,"GO:0033119 negative regulation of RNA splicing"
"188","GO:0006810","transport",3806,1299,1173.56,"2.7e-07",2.2391329787234e-05,1.10688844200552,0.341303205465055,"GO:0006810 transport"
"189","GO:0006378","mRNA polyadenylation",46,31,14.18,"3.5e-07",2.88722222222222e-05,2.18617771509168,0.673913043478261,"GO:0006378 mRNA polyadenylation"
"190","GO:0035195","gene silencing by miRNA",72,43,22.2,"3.7e-07",3.03614210526316e-05,1.93693693693694,0.597222222222222,"GO:0035195 gene silencing by miRNA"
"191","GO:0009894","regulation of catabolic process",858,331,264.56,"4.2e-07",3.42838743455497e-05,1.25113395827034,0.385780885780886,"GO:0009894 regulation of catabolic process"
"192","GO:0048025","negative regulation of mRNA splicing, via spliceosome",23,19,7.09,"4.3e-07",3.491734375e-05,2.67983074753174,0.826086956521739,"GO:0048025 negative regulation of mRNA splicing, via spliceosome"
"193","GO:0031647","regulation of protein stability",289,129,89.11,"4.4e-07",3.55442487046632e-05,1.44764897317922,0.44636678200692,"GO:0031647 regulation of protein stability"
"194","GO:0034504","protein localization to nucleus",298,132,91.89,"5.5e-07",4.42012886597938e-05,1.43650016323865,0.442953020134228,"GO:0034504 protein localization to nucleus"
"195","GO:0006352","DNA-templated transcription, initiation",96,53,29.6,"5.9e-07",4.71727692307692e-05,1.79054054054054,0.552083333333333,"GO:0006352 DNA-templated transcription, initiation"
"196","GO:0016579","protein deubiquitination",108,58,33.3,"6.1e-07",4.85230102040816e-05,1.74174174174174,0.537037037037037,"GO:0016579 protein deubiquitination"
"197","GO:0006997","nucleus organization",125,65,38.54,"6.2e-07",4.90681218274112e-05,1.68655941878568,0.52,"GO:0006997 nucleus organization"
"198","GO:2000113","negative regulation of cellular macromolecule biosynthetic process",1295,478,399.3,"6.4e-07",5.03951515151515e-05,1.19709491610318,0.369111969111969,"GO:2000113 negative regulation of cellular macromolecule biosynthetic process"
"199","GO:0036503","ERAD pathway",101,55,31.14,"6.6e-07",5.17088442211055e-05,1.76621708413616,0.544554455445545,"GO:0036503 ERAD pathway"
"200","GO:0008033","tRNA processing",118,62,36.38,"7.0e-07",5.45685e-05,1.7042330951072,0.525423728813559,"GO:0008033 tRNA processing"
"201","GO:0009890","negative regulation of biosynthetic process",1404,514,432.91,"7.3e-07",5.66240298507463e-05,1.1873137603659,0.366096866096866,"GO:0009890 negative regulation of biosynthetic process"
"202","GO:0031330","negative regulation of cellular catabolic process",238,109,73.39,"7.5e-07",5.78873762376238e-05,1.48521596947813,0.457983193277311,"GO:0031330 negative regulation of cellular catabolic process"
"203","GO:0032786","positive regulation of DNA-templated transcription, elongation",31,23,9.56,"8.3e-07",6.37464532019704e-05,2.40585774058577,0.741935483870968,"GO:0032786 positive regulation of DNA-templated transcription, elongation"
"204","GO:1901361","organic cyclic compound catabolic process",415,174,127.96,"8.6e-07",6.57267647058824e-05,1.35979993748046,0.419277108433735,"GO:1901361 organic cyclic compound catabolic process"
"205","GO:0043933","protein-containing complex subunit organization",1481,539,456.66,"8.9e-07",6.7687756097561e-05,1.18030920159418,0.363943281566509,"GO:0043933 protein-containing complex subunit organization"
"206","GO:0016458","gene silencing",156,77,48.1,"9.2e-07",6.96297087378641e-05,1.6008316008316,0.493589743589744,"GO:0016458 gene silencing"
"207","GO:0070972","protein localization to endoplasmic reticulum",67,40,20.66,"9.4e-07",7.07997101449275e-05,1.93610842207164,0.597014925373134,"GO:0070972 protein localization to endoplasmic reticulum"
"208","GO:0097190","apoptotic signaling pathway",583,233,179.76,"1.2e-06",8.95177033492823e-05,1.29617267467735,0.399656946826758,"GO:0097190 apoptotic signaling pathway"
"209","GO:0006367","transcription initiation from RNA polymerase II promoter",63,38,19.43,"1.2e-06",8.95177033492823e-05,1.95573854863613,0.603174603174603,"GO:0006367 transcription initiation from RNA polymerase II promoter"
"210","GO:0043489","RNA stabilization",61,37,18.81,"1.4e-06",0.000102959433962264,1.96703880914407,0.60655737704918,"GO:0043489 RNA stabilization"
"211","GO:0006366","transcription by RNA polymerase II",2130,751,656.77,"1.4e-06",0.000102959433962264,1.14347488466282,0.352582159624413,"GO:0006366 transcription by RNA polymerase II"
"212","GO:0000466","maturation of 5.8S rRNA from tricistronic rRNA transcript (SSU-rRNA, 5.8S rRNA, LSU-rRNA)",24,19,7.4,"1.4e-06",0.000102959433962264,2.56756756756757,0.791666666666667,"GO:0000466 maturation of 5.8S rRNA from tricistronic rRNA transcript (SSU-rRNA, 5.8S rRNA, LSU-rRNA)"
"213","GO:0090150","establishment of protein localization to membrane",241,109,74.31,"1.6e-06",0.000116568224299065,1.46682815233481,0.452282157676349,"GO:0090150 establishment of protein localization to membrane"
"214","GO:0031327","negative regulation of cellular biosynthetic process",1361,497,419.66,"1.6e-06",0.000116568224299065,1.18429204594195,0.365172667156503,"GO:0031327 negative regulation of cellular biosynthetic process"
"215","GO:0030970","retrograde protein transport, ER to cytosol",26,20,8.02,"1.7e-06",0.000122706944444444,2.49376558603491,0.769230769230769,"GO:0030970 retrograde protein transport, ER to cytosol"
"216","GO:1903513","endoplasmic reticulum to cytosol transport",26,20,8.02,"1.7e-06",0.000122706944444444,2.49376558603491,0.769230769230769,"GO:1903513 endoplasmic reticulum to cytosol transport"
"217","GO:0006446","regulation of translational initiation",57,35,17.58,"1.8e-06",0.000128733027522936,1.99089874857793,0.614035087719298,"GO:0006446 regulation of translational initiation"
"218","GO:0072599","establishment of protein localization to endoplasmic reticulum",42,28,12.95,"1.8e-06",0.000128733027522936,2.16216216216216,0.666666666666667,"GO:0072599 establishment of protein localization to endoplasmic reticulum"
"219","GO:0006605","protein targeting",258,115,79.55,"2.0e-06",0.000142383561643836,1.44563167818982,0.445736434108527,"GO:0006605 protein targeting"
"220","GO:1902369","negative regulation of RNA catabolic process",71,41,21.89,"2.3e-06",0.000162996818181818,1.87300137048881,0.577464788732394,"GO:1902369 negative regulation of RNA catabolic process"
"221","GO:0034620","cellular response to unfolded protein",85,47,26.21,"2.4e-06",0.000168551351351351,1.79320869896986,0.552941176470588,"GO:0034620 cellular response to unfolded protein"
"222","GO:0035194","post-transcriptional gene silencing by RNA",78,44,24.05,"2.4e-06",0.000168551351351351,1.82952182952183,0.564102564102564,"GO:0035194 post-transcriptional gene silencing by RNA"
"223","GO:0043066","negative regulation of apoptotic process",846,322,260.86,"2.5e-06",0.000174786995515695,1.23437859388178,0.380614657210402,"GO:0043066 negative regulation of apoptotic process"
"224","GO:0031399","regulation of protein modification process",1393,506,429.52,"2.6e-06",0.000180966964285714,1.17805922890669,0.363244795405599,"GO:0031399 regulation of protein modification process"
"225","GO:0043069","negative regulation of programmed cell death",867,329,267.33,"2.7e-06",0.000187092,1.23068866195339,0.379469434832757,"GO:0043069 negative regulation of programmed cell death"
"226","GO:0034097","response to cytokine",757,291,233.42,"3.0e-06",0.00020696017699115,1.24667980464399,0.38441215323646,"GO:0034097 response to cytokine"
"227","GO:0034622","cellular protein-containing complex assembly",880,333,271.34,"3.1e-06",0.000212916740088106,1.22724257389253,0.378409090909091,"GO:0034622 cellular protein-containing complex assembly"
"228","GO:0045934","negative regulation of nucleobase-containing compound metabolic process",1291,471,398.07,"3.4e-06",0.000231482096069869,1.18320898334464,0.364833462432223,"GO:0045934 negative regulation of nucleobase-containing compound metabolic process"
"229","GO:0065003","protein-containing complex assembly",1306,476,402.7,"3.4e-06",0.000231482096069869,1.18202135584803,0.364471669218989,"GO:0065003 protein-containing complex assembly"
"230","GO:0006950","response to stress",3111,1064,959.26,"3.6e-06",0.000242976623376623,1.1091883326731,0.342012214721954,"GO:0006950 response to stress"
"231","GO:0030968","endoplasmic reticulum unfolded protein response",65,38,20.04,"3.6e-06",0.000242976623376623,1.89620758483034,0.584615384615385,"GO:0030968 endoplasmic reticulum unfolded protein response"
"232","GO:0045943","positive regulation of transcription by RNA polymerase I",23,18,7.09,"3.8e-06",0.000255369827586207,2.53878702397743,0.782608695652174,"GO:0045943 positive regulation of transcription by RNA polymerase I"
"233","GO:0002183","cytoplasmic translational initiation",25,19,7.71,"4.3e-06",0.000286501282051282,2.46433203631647,0.76,"GO:0002183 cytoplasmic translational initiation"
"234","GO:0090305","nucleic acid phosphodiester bond hydrolysis",123,62,37.93,"4.3e-06",0.000286501282051282,1.63459003427366,0.504065040650406,"GO:0090305 nucleic acid phosphodiester bond hydrolysis"
"235","GO:0051253","negative regulation of RNA metabolic process",1192,437,367.55,"4.5e-06",0.000297286016949153,1.18895388382533,0.366610738255034,"GO:0051253 negative regulation of RNA metabolic process"
"236","GO:0000184","nuclear-transcribed mRNA catabolic process, nonsense-mediated decay",37,25,11.41,"4.5e-06",0.000297286016949153,2.19106047326906,0.675675675675676,"GO:0000184 nuclear-transcribed mRNA catabolic process, nonsense-mediated decay"
"237","GO:0009895","negative regulation of catabolic process",297,128,91.58,"4.6e-06",0.000301338655462185,1.39768508407949,0.430976430976431,"GO:0009895 negative regulation of catabolic process"
"238","GO:0006360","transcription by RNA polymerase I",52,32,16.03,"4.6e-06",0.000301338655462185,1.99625701809108,0.615384615384615,"GO:0006360 transcription by RNA polymerase I"
"239","GO:0016073","snRNA metabolic process",33,23,10.18,"4.9e-06",0.000316995435684647,2.25933202357564,0.696969696969697,"GO:0016073 snRNA metabolic process"
"240","GO:0060148","positive regulation of posttranscriptional gene silencing",31,22,9.56,"4.9e-06",0.000316995435684647,2.30125523012552,0.709677419354839,"GO:0060148 positive regulation of posttranscriptional gene silencing"
"241","GO:0080134","regulation of response to stress",1163,427,358.6,"4.9e-06",0.000316995435684647,1.19074177356386,0.367153912295787,"GO:0080134 regulation of response to stress"
"242","GO:0016441","posttranscriptional gene silencing",82,45,25.28,"5.1e-06",0.000328570661157025,1.78006329113924,0.548780487804878,"GO:0016441 posttranscriptional gene silencing"
"243","GO:1902531","regulation of intracellular signal transduction",1467,528,452.34,"5.2e-06",0.000333634567901235,1.16726356280674,0.359918200408998,"GO:1902531 regulation of intracellular signal transduction"
"244","GO:0035556","intracellular signal transduction",2292,798,706.72,"5.3e-06",0.000338656967213115,1.12916006339144,0.348167539267016,"GO:0035556 intracellular signal transduction"
"245","GO:2001233","regulation of apoptotic signaling pathway",378,157,116.55,"5.5e-06",0.000350002040816327,1.34706134706135,0.415343915343915,"GO:2001233 regulation of apoptotic signaling pathway"
"246","GO:0007049","cell cycle",1541,552,475.16,"5.8e-06",0.000367592682926829,1.1617139489856,0.358208955223881,"GO:0007049 cell cycle"
"247","GO:1903320","regulation of protein modification by small protein conjugation or removal",239,106,73.69,"6.5e-06",0.00041028947368421,1.43845840683946,0.443514644351464,"GO:1903320 regulation of protein modification by small protein conjugation or removal"
"248","GO:0060964","regulation of gene silencing by miRNA",44,28,13.57,"7.2e-06",0.000452641935483871,2.06337509211496,0.636363636363636,"GO:0060964 regulation of gene silencing by miRNA"
"249","GO:0032259","methylation",330,139,101.75,"7.9e-06",0.00049465421686747,1.36609336609337,0.421212121212121,"GO:0032259 methylation"
"250","GO:0050821","protein stabilization",179,83,55.19,"8.4e-06",0.0005238576,1.5038956332669,0.463687150837989,"GO:0050821 protein stabilization"
"251","GO:0048255","mRNA stabilization",51,31,15.73,"9.3e-06",0.000577674501992032,1.97075651621106,0.607843137254902,"GO:0048255 mRNA stabilization"
"252","GO:0045047","protein targeting to ER",38,25,11.72,"9.4e-06",0.000581569047619048,2.13310580204778,0.657894736842105,"GO:0045047 protein targeting to ER"
"253","GO:1901796","regulation of signal transduction by p53 class mediator",74,41,22.82,"9.6e-06",0.000591595256916996,1.79666958808063,0.554054054054054,"GO:1901796 regulation of signal transduction by p53 class mediator"
"254","GO:0006473","protein acetylation",193,88,59.51,"1.0e-05",0.000613818897637795,1.47874306839187,0.455958549222798,"GO:0006473 protein acetylation"
"255","GO:0006900","vesicle budding from membrane",58,34,17.88,"1.1e-05",0.000664732558139535,1.90156599552573,0.586206896551724,"GO:0006900 vesicle budding from membrane"
"256","GO:1902373","negative regulation of mRNA catabolic process",58,34,17.88,"1.1e-05",0.000664732558139535,1.90156599552573,0.586206896551724,"GO:1902373 negative regulation of mRNA catabolic process"
"257","GO:0034661","ncRNA catabolic process",32,22,9.87,"1.1e-05",0.000664732558139535,2.2289766970618,0.6875,"GO:0034661 ncRNA catabolic process"
"258","GO:2000637","positive regulation of gene silencing by miRNA",30,21,9.25,"1.1e-05",0.000664732558139535,2.27027027027027,0.7,"GO:2000637 positive regulation of gene silencing by miRNA"
"259","GO:0031440","regulation of mRNA 3'-end processing",28,20,8.63,"1.2e-05",0.000711376425855513,2.31749710312862,0.714285714285714,"GO:0031440 regulation of mRNA 3'-end processing"
"260","GO:0006606","protein import into nucleus",162,76,49.95,"1.2e-05",0.000711376425855513,1.52152152152152,0.469135802469136,"GO:0006606 protein import into nucleus"
"261","GO:0060147","regulation of posttranscriptional gene silencing",47,29,14.49,"1.2e-05",0.000711376425855513,2.00138026224983,0.617021276595745,"GO:0060147 regulation of posttranscriptional gene silencing"
"262","GO:0000478","endonucleolytic cleavage involved in rRNA processing",15,13,4.63,"1.2e-05",0.000711376425855513,2.80777537796976,0.866666666666667,"GO:0000478 endonucleolytic cleavage involved in rRNA processing"
"263","GO:0000479","endonucleolytic cleavage of tricistronic rRNA transcript (SSU-rRNA, 5.8S rRNA, LSU-rRNA)",15,13,4.63,"1.2e-05",0.000711376425855513,2.80777537796976,0.866666666666667,"GO:0000479 endonucleolytic cleavage of tricistronic rRNA transcript (SSU-rRNA, 5.8S rRNA, LSU-rRNA)"
"264","GO:0006400","tRNA modification",77,42,23.74,"1.3e-05",0.000761966165413534,1.76916596461668,0.545454545454545,"GO:0006400 tRNA modification"
"265","GO:0019058","viral life cycle",218,97,67.22,"1.3e-05",0.000761966165413534,1.44302290984826,0.444954128440367,"GO:0019058 viral life cycle"
"266","GO:0006890","retrograde vesicle-mediated transport, Golgi to endoplasmic reticulum",45,28,13.88,"1.3e-05",0.000761966165413534,2.01729106628242,0.622222222222222,"GO:0006890 retrograde vesicle-mediated transport, Golgi to endoplasmic reticulum"
"267","GO:0006357","regulation of transcription by RNA polymerase II",2065,720,636.73,"1.4e-05",0.000817505617977528,1.1307775666295,0.348668280871671,"GO:0006357 regulation of transcription by RNA polymerase II"
"268","GO:0051179","localization",5335,1760,1645.01,"1.6e-05",0.00092050184501845,1.06990231062425,0.329896907216495,"GO:0051179 localization"
"269","GO:0043414","macromolecule methylation",284,121,87.57,"1.6e-05",0.00092050184501845,1.38175174146397,0.426056338028169,"GO:0043414 macromolecule methylation"
"270","GO:0031331","positive regulation of cellular catabolic process",404,164,124.57,"1.6e-05",0.00092050184501845,1.31652885927591,0.405940594059406,"GO:0031331 positive regulation of cellular catabolic process"
"271","GO:0031056","regulation of histone modification",158,74,48.72,"1.6e-05",0.00092050184501845,1.51888341543514,0.468354430379747,"GO:0031056 regulation of histone modification"
"272","GO:0035459","vesicle cargo loading",17,14,5.24,"1.7e-05",0.000970868131868132,2.67175572519084,0.823529411764706,"GO:0035459 vesicle cargo loading"
"273","GO:0051170","import into nucleus",166,77,51.19,"1.7e-05",0.000970868131868132,1.50420003907013,0.463855421686747,"GO:0051170 import into nucleus"
"274","GO:0031396","regulation of protein ubiquitination",206,92,63.52,"1.8e-05",0.00102422627737226,1.44836272040302,0.446601941747573,"GO:0031396 regulation of protein ubiquitination"
"275","GO:0045292","mRNA cis splicing, via spliceosome",19,15,5.86,"2.1e-05",0.00118627173913043,2.55972696245734,0.789473684210526,"GO:0045292 mRNA cis splicing, via spliceosome"
"276","GO:0060966","regulation of gene silencing by RNA",48,29,14.8,"2.1e-05",0.00118627173913043,1.95945945945946,0.604166666666667,"GO:0060966 regulation of gene silencing by RNA"
"277","GO:0070887","cellular response to chemical stimulus",2515,863,775.48,"2.4e-05",0.00135084476534296,1.11285913240831,0.343141153081511,"GO:0070887 cellular response to chemical stimulus"
"278","GO:0000154","rRNA modification",31,21,9.56,"2.5e-05",0.00140206834532374,2.19665271966527,0.67741935483871,"GO:0000154 rRNA modification"
"279","GO:0090114","COPII-coated vesicle budding",25,18,7.71,"2.7e-05",0.00150341785714286,2.33463035019455,0.72,"GO:0090114 COPII-coated vesicle budding"
"280","GO:0036003","positive regulation of transcription from RNA polymerase II promoter in response to stress",27,19,8.33,"2.7e-05",0.00150341785714286,2.28091236494598,0.703703703703704,"GO:0036003 positive regulation of transcription from RNA polymerase II promoter in response to stress"
"281","GO:0031401","positive regulation of protein modification process",903,334,278.43,"2.8e-05",0.00154804255319149,1.19958337822792,0.369878183831672,"GO:0031401 positive regulation of protein modification process"
"282","GO:0071345","cellular response to cytokine stimulus",670,255,206.59,"2.8e-05",0.00154804255319149,1.23432886393339,0.380597014925373,"GO:0071345 cellular response to cytokine stimulus"
"283","GO:0060968","regulation of gene silencing",65,36,20.04,"3.3e-05",0.00181803180212014,1.79640718562874,0.553846153846154,"GO:0060968 regulation of gene silencing"
"284","GO:0090110","COPII-coated vesicle cargo loading",14,12,4.32,"3.4e-05",0.00186652816901408,2.77777777777778,0.857142857142857,"GO:0090110 COPII-coated vesicle cargo loading"
"285","GO:0006418","tRNA aminoacylation for protein translation",40,25,12.33,"3.5e-05",0.00191468421052632,2.02757502027575,0.625,"GO:0006418 tRNA aminoacylation for protein translation"
"286","GO:0043628","ncRNA 3'-end processing",38,24,11.72,"3.9e-05",0.00211863763066202,2.04778156996587,0.631578947368421,"GO:0043628 ncRNA 3'-end processing"
"287","GO:0006368","transcription elongation from RNA polymerase II promoter",63,35,19.43,"3.9e-05",0.00211863763066202,1.8013381369017,0.555555555555556,"GO:0006368 transcription elongation from RNA polymerase II promoter"
"288","GO:0051726","regulation of cell cycle",916,337,282.44,"4.2e-05",0.0022736875,1.19317377142048,0.367903930131004,"GO:0051726 regulation of cell cycle"
"289","GO:1901698","response to nitrogen compound",842,312,259.63,"4.4e-05",0.00237371626297578,1.20171012594847,0.370546318289786,"GO:1901698 response to nitrogen compound"
"290","GO:0006356","regulation of transcription by RNA polymerase I",34,22,10.48,"4.8e-05",0.00257171134020619,2.09923664122137,0.647058823529412,"GO:0006356 regulation of transcription by RNA polymerase I"
"291","GO:0000082","G1/S transition of mitotic cell cycle",186,83,57.35,"4.8e-05",0.00257171134020619,1.44725370531822,0.446236559139785,"GO:0000082 G1/S transition of mitotic cell cycle"
"292","GO:0016573","histone acetylation",144,67,44.4,"5.2e-05",0.00277647945205479,1.50900900900901,0.465277777777778,"GO:0016573 histone acetylation"
"293","GO:0039535","regulation of RIG-I signaling pathway",18,14,5.55,"5.5e-05",0.00291668367346939,2.52252252252252,0.777777777777778,"GO:0039535 regulation of RIG-I signaling pathway"
"294","GO:1900363","regulation of mRNA polyadenylation",18,14,5.55,"5.5e-05",0.00291668367346939,2.52252252252252,0.777777777777778,"GO:1900363 regulation of mRNA polyadenylation"
"295","GO:0043039","tRNA aminoacylation",43,26,13.26,"5.6e-05",0.00295964745762712,1.96078431372549,0.604651162790698,"GO:0043039 tRNA aminoacylation"
"296","GO:0042221","response to chemical",3220,1084,992.87,"5.7e-05",0.00300232094594595,1.09178442293553,0.336645962732919,"GO:0042221 response to chemical"
"297","GO:0090502","RNA phosphodiester bond hydrolysis, endonucleolytic",28,19,8.63,"6.0e-05",0.00314969696969697,2.20162224797219,0.678571428571429,"GO:0090502 RNA phosphodiester bond hydrolysis, endonucleolytic"
"298","GO:0070203","regulation of establishment of protein localization to telomere",11,10,3.39,"6.1e-05",0.00318077257525084,2.94985250737463,0.909090909090909,"GO:0070203 regulation of establishment of protein localization to telomere"
"299","GO:1990440","positive regulation of transcription from RNA polymerase II promoter in response to endoplasmic reticulum stress",11,10,3.39,"6.1e-05",0.00318077257525084,2.94985250737463,0.909090909090909,"GO:1990440 positive regulation of transcription from RNA polymerase II promoter in response to endoplasmic reticulum stress"
"300","GO:0006984","ER-nucleus signaling pathway",41,25,12.64,"6.3e-05",0.00326323255813954,1.97784810126582,0.609756097560976,"GO:0006984 ER-nucleus signaling pathway"
"301","GO:0033120","positive regulation of RNA splicing",41,25,12.64,"6.3e-05",0.00326323255813954,1.97784810126582,0.609756097560976,"GO:0033120 positive regulation of RNA splicing"
"302","GO:0048583","regulation of response to stimulus",3339,1121,1029.56,"6.7e-05",0.00344751485148515,1.08881463926337,0.335729260257562,"GO:0048583 regulation of response to stimulus"
"303","GO:0098586","cellular response to virus",69,37,21.28,"6.7e-05",0.00344751485148515,1.73872180451128,0.536231884057971,"GO:0098586 cellular response to virus"
"304","GO:0000380","alternative mRNA splicing, via spliceosome",74,39,22.82,"7.1e-05",0.00364131907894737,1.70902716914987,0.527027027027027,"GO:0000380 alternative mRNA splicing, via spliceosome"
"305","GO:0000288","nuclear-transcribed mRNA catabolic process, deadenylation-dependent decay",48,28,14.8,"7.2e-05",0.00368049836065574,1.89189189189189,0.583333333333333,"GO:0000288 nuclear-transcribed mRNA catabolic process, deadenylation-dependent decay"
"306","GO:0140053","mitochondrial gene expression",109,53,33.61,"7.3e-05",0.00371942156862745,1.57691163344243,0.486238532110092,"GO:0140053 mitochondrial gene expression"
"307","GO:0010611","regulation of cardiac muscle hypertrophy",67,36,20.66,"7.9e-05",0.00399899025974026,1.74249757986447,0.537313432835821,"GO:0010611 regulation of cardiac muscle hypertrophy"
"308","GO:0070201","regulation of establishment of protein localization",521,201,160.65,"7.9e-05",0.00399899025974026,1.25116713352007,0.385796545105566,"GO:0070201 regulation of establishment of protein localization"
"309","GO:0070059","intrinsic apoptotic signaling pathway in response to endoplasmic reticulum stress",60,33,18.5,"8.5e-05",0.00428878640776699,1.78378378378378,0.55,"GO:0070059 intrinsic apoptotic signaling pathway in response to endoplasmic reticulum stress"
"310","GO:0051276","chromosome organization",804,297,247.91,"8.6e-05",0.00432524516129032,1.19801540881772,0.369402985074627,"GO:0051276 chromosome organization"
"311","GO:0080135","regulation of cellular response to stress",636,240,196.11,"9.1e-05",0.004547375,1.2238029677222,0.377358490566038,"GO:0080135 regulation of cellular response to stress"
"312","GO:0034243","regulation of transcription elongation from RNA polymerase II promoter",35,22,10.79,"9.1e-05",0.004547375,2.0389249304912,0.628571428571429,"GO:0034243 regulation of transcription elongation from RNA polymerase II promoter"
"313","GO:1904816","positive regulation of protein localization to chromosome, telomeric region",13,11,4.01,"9.6e-05",0.00475154285714286,2.7431421446384,0.846153846153846,"GO:1904816 positive regulation of protein localization to chromosome, telomeric region"
"314","GO:0006259","DNA metabolic process",808,298,249.14,"9.6e-05",0.00475154285714286,1.19611463434214,0.368811881188119,"GO:0006259 DNA metabolic process"
"315","GO:0043038","amino acid activation",44,26,13.57,"9.6e-05",0.00475154285714286,1.91599115696389,0.590909090909091,"GO:0043038 amino acid activation"
"316","GO:0001510","RNA methylation",70,37,21.58,"0.00010",0.00493386075949367,1.71455050973123,0.528571428571429,"GO:0001510 RNA methylation"
"317","GO:0072657","protein localization to membrane",570,217,175.76,"0.00011",0.0054101261829653,1.23463814292217,0.380701754385965,"GO:0072657 protein localization to membrane"
"318","GO:0043618","regulation of transcription from RNA polymerase II promoter in response to stress",49,28,15.11,"0.00012",0.00581031055900621,1.85307743216413,0.571428571428571,"GO:0043618 regulation of transcription from RNA polymerase II promoter in response to stress"
"319","GO:1904814","regulation of protein localization to chromosome, telomeric region",15,12,4.63,"0.00012",0.00581031055900621,2.59179265658747,0.8,"GO:1904814 regulation of protein localization to chromosome, telomeric region"
"320","GO:2000232","regulation of rRNA processing",15,12,4.63,"0.00012",0.00581031055900621,2.59179265658747,0.8,"GO:2000232 regulation of rRNA processing"
"321","GO:0030307","positive regulation of cell growth",174,77,53.65,"0.00012",0.00581031055900621,1.43522833178006,0.442528735632184,"GO:0030307 positive regulation of cell growth"
"322","GO:0010256","endomembrane system organization",452,176,139.37,"0.00012",0.00581031055900621,1.26282557221784,0.389380530973451,"GO:0010256 endomembrane system organization"
"323","GO:0051668","localization within membrane",636,239,196.11,"0.00013",0.00617935975609756,1.21870378869002,0.375786163522013,"GO:0051668 localization within membrane"
"324","GO:0016192","vesicle-mediated transport",1357,479,418.42,"0.00013",0.00617935975609756,1.14478275417045,0.352984524686809,"GO:0016192 vesicle-mediated transport"
"325","GO:2001234","negative regulation of apoptotic signaling pathway",226,96,69.69,"0.00013",0.00617935975609756,1.37752905725355,0.424778761061947,"GO:2001234 negative regulation of apoptotic signaling pathway"
"326","GO:0002828","regulation of type 2 immune response",27,18,8.33,"0.00013",0.00617935975609756,2.1608643457383,0.666666666666667,"GO:0002828 regulation of type 2 immune response"
"327","GO:0035162","embryonic hemopoiesis",27,18,8.33,"0.00013",0.00617935975609756,2.1608643457383,0.666666666666667,"GO:0035162 embryonic hemopoiesis"
"328","GO:2000648","positive regulation of stem cell proliferation",27,18,8.33,"0.00013",0.00617935975609756,2.1608643457383,0.666666666666667,"GO:2000648 positive regulation of stem cell proliferation"
"329","GO:0006475","internal protein amino acid acetylation",153,69,47.18,"0.00014",0.0065351497005988,1.46248410343366,0.450980392156863,"GO:0006475 internal protein amino acid acetylation"
"330","GO:0018393","internal peptidyl-lysine acetylation",153,69,47.18,"0.00014",0.0065351497005988,1.46248410343366,0.450980392156863,"GO:0018393 internal peptidyl-lysine acetylation"
"331","GO:0043620","regulation of DNA-templated transcription in response to stress",54,30,16.65,"0.00014",0.0065351497005988,1.8018018018018,0.555555555555556,"GO:0043620 regulation of DNA-templated transcription in response to stress"
"332","GO:0006612","protein targeting to membrane",106,51,32.68,"0.00014",0.0065351497005988,1.56058751529988,0.481132075471698,"GO:0006612 protein targeting to membrane"
"333","GO:0006614","SRP-dependent cotranslational protein targeting to membrane",17,13,5.24,"0.00014",0.0065351497005988,2.48091603053435,0.764705882352941,"GO:0006614 SRP-dependent cotranslational protein targeting to membrane"
"334","GO:0070935","3'-UTR-mediated mRNA stabilization",17,13,5.24,"0.00014",0.0065351497005988,2.48091603053435,0.764705882352941,"GO:0070935 3'-UTR-mediated mRNA stabilization"
"335","GO:0034472","snRNA 3'-end processing",19,14,5.86,"0.00015",0.00696026785714286,2.38907849829352,0.736842105263158,"GO:0034472 snRNA 3'-end processing"
"336","GO:0039531","regulation of viral-induced cytoplasmic pattern recognition receptor signaling pathway",21,15,6.48,"0.00015",0.00696026785714286,2.31481481481481,0.714285714285714,"GO:0039531 regulation of viral-induced cytoplasmic pattern recognition receptor signaling pathway"
"337","GO:0001825","blastocyst formation",52,29,16.03,"0.00016",0.00740225519287834,1.80910792264504,0.557692307692308,"GO:0001825 blastocyst formation"
"338","GO:0140694","non-membrane-bounded organelle assembly",348,139,107.3,"0.00017",0.00781849557522124,1.29543336439888,0.399425287356322,"GO:0140694 non-membrane-bounded organelle assembly"
"339","GO:0014743","regulation of muscle hypertrophy",69,36,21.28,"0.00017",0.00781849557522124,1.69172932330827,0.521739130434783,"GO:0014743 regulation of muscle hypertrophy"
"340","GO:1904851","positive regulation of establishment of protein localization to telomere",10,9,3.08,"0.00018",0.00822985337243402,2.92207792207792,0.9,"GO:1904851 positive regulation of establishment of protein localization to telomere"
"341","GO:0097193","intrinsic apoptotic signaling pathway",292,119,90.04,"0.00018",0.00822985337243402,1.3216348289649,0.407534246575342,"GO:0097193 intrinsic apoptotic signaling pathway"
"342","GO:0010243","response to organonitrogen compound",767,282,236.5,"0.00019",0.00861130813953488,1.19238900634249,0.367666232073012,"GO:0010243 response to organonitrogen compound"
"343","GO:0042092","type 2 immune response",34,21,10.48,"0.00019",0.00861130813953488,2.00381679389313,0.617647058823529,"GO:0042092 type 2 immune response"
"344","GO:0009896","positive regulation of catabolic process",464,179,143.07,"0.00019",0.00861130813953488,1.25113580764661,0.385775862068966,"GO:0009896 positive regulation of catabolic process"
"345","GO:0051716","cellular response to stimulus",5652,1840,1742.76,"0.00025",0.0112978260869565,1.05579655259473,0.32554847841472,"GO:0051716 cellular response to stimulus"
"346","GO:1903322","positive regulation of protein modification by small protein conjugation or removal",137,62,42.24,"0.00026",0.0115818857142857,1.46780303030303,0.452554744525547,"GO:1903322 positive regulation of protein modification by small protein conjugation or removal"
"347","GO:0000245","spliceosomal complex assembly",46,26,14.18,"0.00026",0.0115818857142857,1.83356840620592,0.565217391304348,"GO:0000245 spliceosomal complex assembly"
"348","GO:0070202","regulation of establishment of protein localization to chromosome",12,10,3.7,"0.00026",0.0115818857142857,2.7027027027027,0.833333333333333,"GO:0070202 regulation of establishment of protein localization to chromosome"
"349","GO:0070816","phosphorylation of RNA polymerase II C-terminal domain",12,10,3.7,"0.00026",0.0115818857142857,2.7027027027027,0.833333333333333,"GO:0070816 phosphorylation of RNA polymerase II C-terminal domain"
"350","GO:2000628","regulation of miRNA metabolic process",12,10,3.7,"0.00026",0.0115818857142857,2.7027027027027,0.833333333333333,"GO:2000628 regulation of miRNA metabolic process"
"351","GO:0000209","protein polyubiquitination",230,96,70.92,"0.00028",0.012437264957265,1.35363790186125,0.417391304347826,"GO:0000209 protein polyubiquitination"
"352","GO:0031365","N-terminal protein amino acid modification",26,17,8.02,"0.00029",0.0128084702549575,2.11970074812968,0.653846153846154,"GO:0031365 N-terminal protein amino acid modification"
"353","GO:0039529","RIG-I signaling pathway",26,17,8.02,"0.00029",0.0128084702549575,2.11970074812968,0.653846153846154,"GO:0039529 RIG-I signaling pathway"
"354","GO:0018205","peptidyl-lysine modification",352,139,108.54,"0.00030",0.0131384831460674,1.28063386769854,0.394886363636364,"GO:0018205 peptidyl-lysine modification"
"355","GO:0019080","viral gene expression",68,35,20.97,"0.00030",0.0131384831460674,1.6690510252742,0.514705882352941,"GO:0019080 viral gene expression"
"356","GO:0071479","cellular response to ionizing radiation",68,35,20.97,"0.00030",0.0131384831460674,1.6690510252742,0.514705882352941,"GO:0071479 cellular response to ionizing radiation"
"357","GO:0009966","regulation of signal transduction",2577,869,794.6,"0.00031",0.0134255833333333,1.09363201610873,0.337213814513,"GO:0009966 regulation of signal transduction"
"358","GO:0072091","regulation of stem cell proliferation",44,25,13.57,"0.00031",0.0134255833333333,1.84229918938836,0.568181818181818,"GO:0072091 regulation of stem cell proliferation"
"359","GO:2000278","regulation of DNA biosynthetic process",114,53,35.15,"0.00031",0.0134255833333333,1.50782361308677,0.464912280701754,"GO:2000278 regulation of DNA biosynthetic process"
"360","GO:2000058","regulation of ubiquitin-dependent protein catabolic process",162,71,49.95,"0.00031",0.0134255833333333,1.42142142142142,0.438271604938272,"GO:2000058 regulation of ubiquitin-dependent protein catabolic process"
"361","GO:0000054","ribosomal subunit export from nucleus",14,11,4.32,"0.00032",0.0137063736263736,2.5462962962963,0.785714285714286,"GO:0000054 ribosomal subunit export from nucleus"
"362","GO:0006999","nuclear pore organization",14,11,4.32,"0.00032",0.0137063736263736,2.5462962962963,0.785714285714286,"GO:0006999 nuclear pore organization"
"363","GO:0033750","ribosome localization",14,11,4.32,"0.00032",0.0137063736263736,2.5462962962963,0.785714285714286,"GO:0033750 ribosome localization"
"364","GO:0071025","RNA surveillance",14,11,4.32,"0.00032",0.0137063736263736,2.5462962962963,0.785714285714286,"GO:0071025 RNA surveillance"
"365","GO:0018394","peptidyl-lysine acetylation",165,72,50.88,"0.00033",0.0140959726027397,1.41509433962264,0.436363636363636,"GO:0018394 peptidyl-lysine acetylation"
"366","GO:0050685","positive regulation of mRNA processing",35,21,10.79,"0.00034",0.0144439782016349,1.94624652455978,0.6,"GO:0050685 positive regulation of mRNA processing"
"367","GO:0016197","endosomal transport",220,92,67.84,"0.00034",0.0144439782016349,1.3561320754717,0.418181818181818,"GO:0016197 endosomal transport"
"368","GO:0050730","regulation of peptidyl-tyrosine phosphorylation",234,97,72.15,"0.00035",0.0147882113821138,1.34442134442134,0.414529914529915,"GO:0050730 regulation of peptidyl-tyrosine phosphorylation"
"369","GO:0046112","nucleobase biosynthetic process",16,12,4.93,"0.00035",0.0147882113821138,2.43407707910751,0.75,"GO:0046112 nucleobase biosynthetic process"
"370","GO:0043555","regulation of translation in response to stress",20,14,6.17,"0.00036",0.0150476139410188,2.26904376012966,0.7,"GO:0043555 regulation of translation in response to stress"
"371","GO:0006613","cotranslational protein targeting to membrane",18,13,5.55,"0.00036",0.0150476139410188,2.34234234234234,0.722222222222222,"GO:0006613 cotranslational protein targeting to membrane"
"372","GO:0016075","rRNA catabolic process",18,13,5.55,"0.00036",0.0150476139410188,2.34234234234234,0.722222222222222,"GO:0016075 rRNA catabolic process"
"373","GO:0051865","protein autoubiquitination",71,36,21.89,"0.00036",0.0150476139410188,1.64458656920968,0.507042253521127,"GO:0051865 protein autoubiquitination"
"374","GO:0032880","regulation of protein localization",858,310,264.56,"0.00037",0.0154242513368984,1.17175687934684,0.361305361305361,"GO:0032880 regulation of protein localization"
"375","GO:0007030","Golgi organization",128,58,39.47,"0.00038",0.01579888,1.46947048391183,0.453125,"GO:0007030 Golgi organization"
"376","GO:0000045","autophagosome assembly",94,45,28.98,"0.00039",0.0160435092348285,1.5527950310559,0.478723404255319,"GO:0000045 autophagosome assembly"
"377","GO:0009615","response to virus",274,111,84.49,"0.00039",0.0160435092348285,1.31376494259676,0.405109489051095,"GO:0009615 response to virus"
"378","GO:0016050","vesicle organization",274,111,84.49,"0.00039",0.0160435092348285,1.31376494259676,0.405109489051095,"GO:0016050 vesicle organization"
"379","GO:0018212","peptidyl-tyrosine modification",291,117,89.73,"0.00039",0.0160435092348285,1.30391173520562,0.402061855670103,"GO:0018212 peptidyl-tyrosine modification"
"380","GO:0044843","cell cycle G1/S phase transition",207,87,63.83,"0.00040",0.016240625,1.36299545668181,0.420289855072464,"GO:0044843 cell cycle G1/S phase transition"
"381","GO:0019827","stem cell population maintenance",155,68,47.79,"0.00040",0.016240625,1.42289181837204,0.438709677419355,"GO:0019827 stem cell population maintenance"
"382","GO:0044770","cell cycle phase transition",467,178,144,"0.00040",0.016240625,1.23611111111111,0.381156316916488,"GO:0044770 cell cycle phase transition"
"383","GO:0031398","positive regulation of protein ubiquitination",115,53,35.46,"0.00040",0.016240625,1.4946418499718,0.460869565217391,"GO:0031398 positive regulation of protein ubiquitination"
"384","GO:0040029","regulation of gene expression, epigenetic",115,53,35.46,"0.00040",0.016240625,1.4946418499718,0.460869565217391,"GO:0040029 regulation of gene expression, epigenetic"
"385","GO:0016236","macroautophagy",221,92,68.14,"0.00041",0.0166034025974026,1.35016143234517,0.416289592760181,"GO:0016236 macroautophagy"
"386","GO:0009156","ribonucleoside monophosphate biosynthetic process",31,19,9.56,"0.00044",0.0177262015503876,1.98744769874477,0.612903225806452,"GO:0009156 ribonucleoside monophosphate biosynthetic process"
"387","GO:0070536","protein K63-linked deubiquitination",31,19,9.56,"0.00044",0.0177262015503876,1.98744769874477,0.612903225806452,"GO:0070536 protein K63-linked deubiquitination"
"388","GO:0006487","protein N-linked glycosylation",52,28,16.03,"0.00046",0.018484175257732,1.74672489082969,0.538461538461538,"GO:0006487 protein N-linked glycosylation"
"389","GO:0044772","mitotic cell cycle phase transition",387,150,119.33,"0.00048",0.0192382519280206,1.25701835246795,0.387596899224806,"GO:0044772 mitotic cell cycle phase transition"
"390","GO:0044419","biological process involved in interspecies interaction between organisms",1149,405,354.29,"0.00049",0.01948875,1.14313133308871,0.352480417754569,"GO:0044419 biological process involved in interspecies interaction between organisms"
"391","GO:0031058","positive regulation of histone modification",100,47,30.83,"0.00049",0.01948875,1.52448913396043,0.47,"GO:0031058 positive regulation of histone modification"
"392","GO:1905037","autophagosome organization",100,47,30.83,"0.00049",0.01948875,1.52448913396043,0.47,"GO:1905037 autophagosome organization"
"393","GO:1902532","negative regulation of intracellular signal transduction",501,189,154.48,"0.00050",0.0198358778625954,1.22345934748835,0.377245508982036,"GO:1902532 negative regulation of intracellular signal transduction"
"394","GO:0098727","maintenance of cell number",159,69,49.03,"0.00053",0.0207618844221106,1.40730165204977,0.433962264150943,"GO:0098727 maintenance of cell number"
"395","GO:0006974","cellular response to DNA damage stimulus",745,271,229.72,"0.00053",0.0207618844221106,1.17969702246213,0.363758389261745,"GO:0006974 cellular response to DNA damage stimulus"
"396","GO:0035520","monoubiquitinated protein deubiquitination",9,8,2.78,"0.00053",0.0207618844221106,2.87769784172662,0.888888888888889,"GO:0035520 monoubiquitinated protein deubiquitination"
"397","GO:0051292","nuclear pore complex assembly",9,8,2.78,"0.00053",0.0207618844221106,2.87769784172662,0.888888888888889,"GO:0051292 nuclear pore complex assembly"
"398","GO:2000234","positive regulation of rRNA processing",9,8,2.78,"0.00053",0.0207618844221106,2.87769784172662,0.888888888888889,"GO:2000234 positive regulation of rRNA processing"
"399","GO:0018108","peptidyl-tyrosine phosphorylation",288,115,88.8,"0.00059",0.0230543609022556,1.29504504504505,0.399305555555556,"GO:0018108 peptidyl-tyrosine phosphorylation"
"400","GO:0006996","organelle organization",3361,1114,1036.34,"0.00061",0.0237169825436409,1.07493679680414,0.331448973519786,"GO:0006996 organelle organization"
"401","GO:0001701","in utero embryonic development",491,185,151.4,"0.00061",0.0237169825436409,1.221928665786,0.376782077393075,"GO:0001701 in utero embryonic development"
"402","GO:0010212","response to ionizing radiation",130,58,40.08,"0.00062",0.0239861538461538,1.44710578842315,0.446153846153846,"GO:0010212 response to ionizing radiation"
"403","GO:0006470","protein dephosphorylation",229,94,70.61,"0.00062",0.0239861538461538,1.33125619600623,0.410480349344978,"GO:0006470 protein dephosphorylation"
"404","GO:0010586","miRNA metabolic process",25,16,7.71,"0.00063",0.024312698019802,2.07522697795071,0.64,"GO:0010586 miRNA metabolic process"
"405","GO:0048661","positive regulation of smooth muscle cell proliferation",101,47,31.14,"0.00064",0.0246376296296296,1.50931278098908,0.465346534653465,"GO:0048661 positive regulation of smooth muscle cell proliferation"
"406","GO:0043516","regulation of DNA damage response, signal transduction by p53 class mediator",34,20,10.48,"0.00066",0.0253449753694581,1.90839694656489,0.588235294117647,"GO:0043516 regulation of DNA damage response, signal transduction by p53 class mediator"
"407","GO:0032434","regulation of proteasomal ubiquitin-dependent protein catabolic process",133,59,41.01,"0.00067",0.025665773955774,1.43867349426969,0.443609022556391,"GO:0032434 regulation of proteasomal ubiquitin-dependent protein catabolic process"
"408","GO:2000736","regulation of stem cell differentiation",53,28,16.34,"0.00069",0.0263671323529412,1.71358629130967,0.528301886792453,"GO:2000736 regulation of stem cell differentiation"
"409","GO:0042509","regulation of tyrosine phosphorylation of STAT protein",58,30,17.88,"0.00072",0.027312700729927,1.67785234899329,0.517241379310345,"GO:0042509 regulation of tyrosine phosphorylation of STAT protein"
"410","GO:0031126","sno(s)RNA 3'-end processing",11,9,3.39,"0.00072",0.027312700729927,2.65486725663717,0.818181818181818,"GO:0031126 sno(s)RNA 3'-end processing"
"411","GO:0036490","regulation of translation in response to endoplasmic reticulum stress",11,9,3.39,"0.00072",0.027312700729927,2.65486725663717,0.818181818181818,"GO:0036490 regulation of translation in response to endoplasmic reticulum stress"
"412","GO:2000209","regulation of anoikis",21,14,6.48,"0.00077",0.0291385194174757,2.16049382716049,0.666666666666667,"GO:2000209 regulation of anoikis"
"413","GO:0030522","intracellular receptor signaling pathway",197,82,60.74,"0.00082",0.0308843198090692,1.35001646361541,0.416243654822335,"GO:0030522 intracellular receptor signaling pathway"
"414","GO:0051052","regulation of DNA metabolic process",368,142,113.47,"0.00083",0.0308843198090692,1.25143209658941,0.385869565217391,"GO:0051052 regulation of DNA metabolic process"
"415","GO:0032543","mitochondrial translation",76,37,23.43,"0.00083",0.0308843198090692,1.57917200170721,0.486842105263158,"GO:0032543 mitochondrial translation"
"416","GO:0000491","small nucleolar ribonucleoprotein complex assembly",13,10,4.01,"0.00083",0.0308843198090692,2.49376558603491,0.769230769230769,"GO:0000491 small nucleolar ribonucleoprotein complex assembly"
"417","GO:0043144","sno(s)RNA processing",13,10,4.01,"0.00083",0.0308843198090692,2.49376558603491,0.769230769230769,"GO:0043144 sno(s)RNA processing"
"418","GO:0098787","mRNA cleavage involved in mRNA processing",13,10,4.01,"0.00083",0.0308843198090692,2.49376558603491,0.769230769230769,"GO:0098787 mRNA cleavage involved in mRNA processing"
"419","GO:1905214","regulation of RNA binding",13,10,4.01,"0.00083",0.0308843198090692,2.49376558603491,0.769230769230769,"GO:1905214 regulation of RNA binding"
"420","GO:0000480","endonucleolytic cleavage in 5'-ETS of tricistronic rRNA transcript (SSU-rRNA, 5.8S rRNA, LSU-rRNA)",6,6,1.85,"0.00086",0.0316980141843972,3.24324324324324,1,"GO:0000480 endonucleolytic cleavage in 5'-ETS of tricistronic rRNA transcript (SSU-rRNA, 5.8S rRNA, LSU-rRNA)"
"421","GO:0042256","mature ribosome assembly",6,6,1.85,"0.00086",0.0316980141843972,3.24324324324324,1,"GO:0042256 mature ribosome assembly"
"422","GO:0007000","nucleolus organization",17,12,5.24,"0.00086",0.0316980141843972,2.29007633587786,0.705882352941177,"GO:0007000 nucleolus organization"
"423","GO:0019081","viral translation",17,12,5.24,"0.00086",0.0316980141843972,2.29007633587786,0.705882352941177,"GO:0019081 viral translation"
"424","GO:0007260","tyrosine phosphorylation of STAT protein",61,31,18.81,"0.00087",0.0318407746478873,1.64805954279639,0.508196721311475,"GO:0007260 tyrosine phosphorylation of STAT protein"
"425","GO:0016074","sno(s)RNA metabolic process",15,11,4.63,"0.00087",0.0318407746478873,2.37580993520518,0.733333333333333,"GO:0016074 sno(s)RNA metabolic process"
"426","GO:0071428","rRNA-containing ribonucleoprotein complex export from nucleus",15,11,4.63,"0.00087",0.0318407746478873,2.37580993520518,0.733333333333333,"GO:0071428 rRNA-containing ribonucleoprotein complex export from nucleus"
"427","GO:0010646","regulation of cell communication",2956,983,911.46,"0.00089",0.0322697441860465,1.07848945647642,0.33254397834912,"GO:0010646 regulation of cell communication"
"428","GO:0006914","autophagy",421,160,129.81,"0.00089",0.0322697441860465,1.23257068022494,0.380047505938242,"GO:0006914 autophagy"
"429","GO:0061919","process utilizing autophagic mechanism",421,160,129.81,"0.00089",0.0322697441860465,1.23257068022494,0.380047505938242,"GO:0061919 process utilizing autophagic mechanism"
"430","GO:0039528","cytoplasmic pattern recognition receptor signaling pathway in response to virus",30,18,9.25,"0.00089",0.0322697441860465,1.94594594594595,0.6,"GO:0039528 cytoplasmic pattern recognition receptor signaling pathway in response to virus"
"431","GO:0031503","protein-containing complex localization",251,101,77.39,"0.00091",0.0329183526682135,1.30507817547487,0.402390438247012,"GO:0031503 protein-containing complex localization"
"432","GO:0016043","cellular component organization",5348,1735,1649.02,"0.00093",0.0335639583333333,1.0521400589441,0.324420344053852,"GO:0016043 cellular component organization"
"433","GO:0045927","positive regulation of growth",274,109,84.49,"0.00094",0.0337685253456221,1.29009350218961,0.397810218978102,"GO:0045927 positive regulation of growth"
"434","GO:0051223","regulation of protein transport",492,184,151.7,"0.00094",0.0337685253456221,1.21292023731048,0.373983739837398,"GO:0051223 regulation of protein transport"
"435","GO:1905897","regulation of response to endoplasmic reticulum stress",74,36,22.82,"0.00098",0.0351245517241379,1.57756354075372,0.486486486486487,"GO:1905897 regulation of response to endoplasmic reticulum stress"
"436","GO:0016556","mRNA modification",28,17,8.63,"0.00103",0.0366637671232877,1.96987253765933,0.607142857142857,"GO:0016556 mRNA modification"
"437","GO:1902235","regulation of endoplasmic reticulum stress-induced intrinsic apoptotic signaling pathway",28,17,8.63,"0.00103",0.0366637671232877,1.96987253765933,0.607142857142857,"GO:1902235 regulation of endoplasmic reticulum stress-induced intrinsic apoptotic signaling pathway"
"438","GO:0006611","protein export from nucleus",64,32,19.73,"0.00103",0.0366637671232877,1.62189559047136,0.5,"GO:0006611 protein export from nucleus"
"439","GO:2001242","regulation of intrinsic apoptotic signaling pathway",168,71,51.8,"0.00108",0.0383559908883827,1.37065637065637,0.422619047619048,"GO:2001242 regulation of intrinsic apoptotic signaling pathway"
"440","GO:0046822","regulation of nucleocytoplasmic transport",119,53,36.69,"0.00109",0.0386231590909091,1.4445352957209,0.445378151260504,"GO:0046822 regulation of nucleocytoplasmic transport"
"441","GO:0031334","positive regulation of protein-containing complex assembly",224,91,69.07,"0.00111",0.0392426530612245,1.31750398146808,0.40625,"GO:0031334 positive regulation of protein-containing complex assembly"
"442","GO:0009408","response to heat",90,42,27.75,"0.00113",0.0398593438914027,1.51351351351351,0.466666666666667,"GO:0009408 response to heat"
"443","GO:0006325","chromatin organization",435,164,134.13,"0.00116",0.0408251918735892,1.2226944009543,0.377011494252874,"GO:0006325 chromatin organization"
"444","GO:0034063","stress granule assembly",26,16,8.02,"0.00117",0.0410843918918919,1.99501246882793,0.615384615384615,"GO:0034063 stress granule assembly"
"445","GO:1903706","regulation of hemopoiesis",336,130,103.6,"0.00119",0.0416927865168539,1.25482625482625,0.386904761904762,"GO:1903706 regulation of hemopoiesis"
"446","GO:0043967","histone H4 acetylation",67,33,20.66,"0.00120",0.0419488789237668,1.5972894482091,0.492537313432836,"GO:0043967 histone H4 acetylation"
"447","GO:0009124","nucleoside monophosphate biosynthetic process",40,22,12.33,"0.00126",0.0439477852348993,1.78426601784266,0.55,"GO:0009124 nucleoside monophosphate biosynthetic process"
"448","GO:0023051","regulation of signaling",2964,983,913.93,"0.00129",0.0448937276785714,1.07557471578786,0.331646423751687,"GO:0023051 regulation of signaling"
"449","GO:0016180","snRNA processing",24,15,7.4,"0.00134",0.0465299331848552,2.02702702702703,0.625,"GO:0016180 snRNA processing"
"450","GO:0050731","positive regulation of peptidyl-tyrosine phosphorylation",172,72,53.04,"0.00137",0.0474659333333333,1.35746606334842,0.418604651162791,"GO:0050731 positive regulation of peptidyl-tyrosine phosphorylation"
"451","GO:1903050","regulation of proteolysis involved in cellular protein catabolic process",214,87,65.99,"0.00138",0.0476008407079646,1.3183815729656,0.406542056074766,"GO:1903050 regulation of proteolysis involved in cellular protein catabolic process"
"452","GO:0001824","blastocyst development",139,60,42.86,"0.00138",0.0476008407079646,1.39990667288847,0.431654676258993,"GO:0001824 blastocyst development"
"453","GO:0072089","stem cell proliferation",70,34,21.58,"0.00139",0.0478399337748344,1.57553290083411,0.485714285714286,"GO:0072089 stem cell proliferation"
"454","GO:0048585","negative regulation of response to stimulus",1487,510,458.51,"0.00141",0.0484213876651982,1.11229853220213,0.342972427706792,"GO:0048585 negative regulation of response to stimulus"
"455","GO:0006479","protein methylation",175,73,53.96,"0.00143",0.0488928289473684,1.35285396590067,0.417142857142857,"GO:0006479 protein methylation"
"456","GO:0008213","protein alkylation",175,73,53.96,"0.00143",0.0488928289473684,1.35285396590067,0.417142857142857,"GO:0008213 protein alkylation"
"457","GO:0065002","intracellular protein transmembrane transport",50,26,15.42,"0.00144",0.0491270021881838,1.68612191958495,0.52,"GO:0065002 intracellular protein transmembrane transport"
"458","GO:0097191","extrinsic apoptotic signaling pathway",220,89,67.84,"0.00146",0.0495922875816993,1.31191037735849,0.404545454545455,"GO:0097191 extrinsic apoptotic signaling pathway"
"459","GO:0070988","demethylation",55,28,16.96,"0.00146",0.0495922875816993,1.65094339622642,0.509090909090909,"GO:0070988 demethylation"
